"fn","missing_doc","missing_params","extra_params"
"aa_layers",FALSE,"",""
"artifact_hash",FALSE,"",""
"build_context",FALSE,"",""
"build_system_prompt",FALSE,"",""
"check_admiral_compat",FALSE,"",""
"classify_variables",FALSE,"",""
"classify_variables_llm",FALSE,"",""
"codelist_from_data",FALSE,"",""
"dataset_json_meta",FALSE,"",""
"evals_accuracy",FALSE,"",""
"execute_ir",FALSE,"",""
"ir_dependency_report",FALSE,"",""
"is_valid_ir",FALSE,"",""
"layer_docs",FALSE,"",""
"layer_names",FALSE,"",""
"load_evals",FALSE,"",""
"log_run",FALSE,"",""
"mcp_handle_request",FALSE,"",""
"mcp_serve",FALSE,"",""
"mcp_tool_specs",FALSE,"",""
"mock_metacore",FALSE,"",""
"mock_spec_adsl",FALSE,"",""
"mock_spec_adtte",FALSE,"",""
"mock_spec_advs",FALSE,"",""
"new_step",FALSE,"",""
"new_variable_ir",FALSE,"",""
"order_variables",FALSE,"",""
"parse_define",FALSE,"",""
"read_artifact",FALSE,"",""
"read_dataset_json",FALSE,"",""
"read_define",FALSE,"",""
"read_spec",FALSE,"",""
"read_spec_df",FALSE,"",""
"render_program",FALSE,"",""
"render_step",FALSE,"",""
"render_variable",FALSE,"",""
"run_evals",FALSE,"",""
"run_validation",FALSE,"",""
"spec_variables",FALSE,"",""
"validate_ir",FALSE,"",""
"validation_comments",FALSE,"",""
"write_artifact",FALSE,"",""
"write_program_artifact",FALSE,"",""
