"fn","input","result"
"aa_layers","none","no data argument / blocking server tested separately"
"artifact_hash","null","ir must be a non-empty list of aa_variable_ir objects"
"artifact_hash","list","ir must be a non-empty list of aa_variable_ir objects"
"artifact_hash","empty_df","ir must be a non-empty list of aa_variable_ir objects"
"artifact_hash","wrong_columns","[variable 1] must be an aa_variable_ir object"
"build_context","null","spec must be a data.frame with required columns"
"build_context","list","spec must be a data.frame with required columns"
"build_context","empty_df","spec data frame is missing required columns: dataset, variable, label, type, origin, derivation"
"build_context","wrong_columns","spec data frame is missing required columns: dataset, variable, label, type, origin, derivation"
"build_system_prompt","none","no data argument / blocking server tested separately"
"check_admiral_compat","null","ir must be a non-empty list of aa_variable_ir objects"
"check_admiral_compat","list","ACCEPTED"
"check_admiral_compat","empty_df","ACCEPTED"
"check_admiral_compat","wrong_columns","[variable 1] must be an aa_variable_ir object"
"classify_variables","null","spec must be a data.frame with required columns"
"classify_variables","list","spec must be a data.frame with required columns"
"classify_variables","empty_df","spec data frame is missing required columns: dataset, variable, label, type, origin, derivation"
"classify_variables","wrong_columns","spec data frame is missing required columns: dataset, variable, label, type, origin, derivation"
"classify_variables_llm","null","spec must be a data.frame with required columns"
"classify_variables_llm","list","spec must be a data.frame with required columns"
"classify_variables_llm","empty_df","spec data frame is missing required columns: dataset, variable, label, type, origin, derivation"
"classify_variables_llm","wrong_columns","spec data frame is missing required columns: dataset, variable, label, type, origin, derivation"
"codelist_from_data","null","var must be a single non-empty character string"
"codelist_from_data","list","var must be a single non-empty character string"
"codelist_from_data","empty_df","var must be a single non-empty character string"
"codelist_from_data","wrong_columns","var must be a single non-empty character string"
"dataset_json_meta","null","path must be one non-empty file path string"
"dataset_json_meta","list","path must be one non-empty file path string"
"dataset_json_meta","empty_df","path must be one non-empty file path string"
"dataset_json_meta","wrong_columns","path must be one non-empty file path string"
"evals_accuracy","null","res must be a non-empty data.frame with a logical ok column without NA"
"evals_accuracy","list","res must be a non-empty data.frame with a logical ok column without NA"
"evals_accuracy","empty_df","res must be a non-empty data.frame with a logical ok column without NA"
"evals_accuracy","wrong_columns","res must be a non-empty data.frame with a logical ok column without NA"
"execute_ir","null","Invalid IR:
- ir must be a non-empty list of aa_variable_ir objects"
"execute_ir","list","Invalid IR:
- ir must be a non-empty list of aa_variable_ir objects"
"execute_ir","empty_df","Invalid IR:
- ir must be a non-empty list of aa_variable_ir objects"
"execute_ir","wrong_columns","Invalid IR:
- [variable 1] must be an aa_variable_ir object"
"ir_dependency_report","null","ir must be a non-empty list of aa_variable_ir objects"
"ir_dependency_report","list","ACCEPTED"
"ir_dependency_report","empty_df","ACCEPTED"
"ir_dependency_report","wrong_columns","[variable 1] must be an aa_variable_ir object"
"is_valid_ir","null","ACCEPTED"
"is_valid_ir","list","ACCEPTED"
"is_valid_ir","empty_df","ACCEPTED"
"is_valid_ir","wrong_columns","ACCEPTED"
"layer_docs","none","no data argument / blocking server tested separately"
"layer_names","none","no data argument / blocking server tested separately"
"load_evals","null","could not locate the evals corpus (inst/evals/spec-to-ir.jsonl); install the package or run from within the package source tree"
"load_evals","list","path must be one non-empty file path string"
"load_evals","empty_df","path must be one non-empty file path string"
"load_evals","wrong_columns","path must be one non-empty file path string"
"log_run","null","ACCEPTED"
"log_run","list","ACCEPTED"
"log_run","empty_df","ACCEPTED"
"log_run","wrong_columns","ACCEPTED"
"mcp_handle_request","null","ACCEPTED"
"mcp_handle_request","list","ACCEPTED"
"mcp_handle_request","empty_df","ACCEPTED"
"mcp_handle_request","wrong_columns","ACCEPTED"
"mcp_serve","none","no data argument / blocking server tested separately"
"mcp_tool_specs","none","no data argument / blocking server tested separately"
"mock_metacore","null","spec must be a data.frame with required columns"
"mock_metacore","list","spec must be a data.frame with required columns"
"mock_metacore","empty_df","spec data frame is missing required columns: dataset, variable, label, type, origin, derivation"
"mock_metacore","wrong_columns","spec data frame is missing required columns: dataset, variable, label, type, origin, derivation"
"mock_spec_adsl","none","no data argument / blocking server tested separately"
"mock_spec_adtte","none","no data argument / blocking server tested separately"
"mock_spec_advs","none","no data argument / blocking server tested separately"
"new_step","null","ACCEPTED"
"new_step","list","ACCEPTED"
"new_step","empty_df","ACCEPTED"
"new_step","wrong_columns","ACCEPTED"
"new_variable_ir","null","ACCEPTED"
"new_variable_ir","list","ACCEPTED"
"new_variable_ir","empty_df","ACCEPTED"
"new_variable_ir","wrong_columns","ACCEPTED"
"order_variables","null","ir must be a non-empty list of aa_variable_ir objects"
"order_variables","list","ACCEPTED"
"order_variables","empty_df","ACCEPTED"
"order_variables","wrong_columns","[variable 1] must be an aa_variable_ir object"
"parse_define","null","path must be one non-empty file path string"
"parse_define","list","path must be one non-empty file path string"
"parse_define","empty_df","path must be one non-empty file path string"
"parse_define","wrong_columns","path must be one non-empty file path string"
"read_artifact","null","path must be one non-empty file path string"
"read_artifact","list","path must be one non-empty file path string"
"read_artifact","empty_df","path must be one non-empty file path string"
"read_artifact","wrong_columns","path must be one non-empty file path string"
"read_dataset_json","null","path must be one non-empty file path string"
"read_dataset_json","list","path must be one non-empty file path string"
"read_dataset_json","empty_df","path must be one non-empty file path string"
"read_dataset_json","wrong_columns","path must be one non-empty file path string"
"read_define","null","path must be one non-empty file path string"
"read_define","list","path must be one non-empty file path string"
"read_define","empty_df","path must be one non-empty file path string"
"read_define","wrong_columns","path must be one non-empty file path string"
"read_spec","null","path must be one non-empty file path string"
"read_spec","list","path must be one non-empty file path string"
"read_spec","empty_df","path must be one non-empty file path string"
"read_spec","wrong_columns","path must be one non-empty file path string"
"read_spec_df","null","spec must be a data.frame with required columns"
"read_spec_df","list","spec must be a data.frame with required columns"
"read_spec_df","empty_df","spec data frame is missing required columns: dataset, variable, label, type, origin, derivation"
"read_spec_df","wrong_columns","spec data frame is missing required columns: dataset, variable, label, type, origin, derivation"
"render_program","null","Invalid IR:
- ir must be a non-empty list of aa_variable_ir objects"
"render_program","list","Invalid IR:
- ir must be a non-empty list of aa_variable_ir objects"
"render_program","empty_df","Invalid IR:
- ir must be a non-empty list of aa_variable_ir objects"
"render_program","wrong_columns","Invalid IR:
- [variable 1] must be an aa_variable_ir object"
"render_step","null","[variable 1] step 1 unknown layer; use layer_names()"
"render_step","list","[variable 1] step 1 unknown layer; use layer_names()"
"render_step","empty_df","[variable 1] step 1 unknown layer; use layer_names()"
"render_step","wrong_columns","[variable 1] step 1 unknown layer; use layer_names()"
"render_variable","null","Invalid IR:
- [variable 1] must be an aa_variable_ir object"
"render_variable","list","Invalid IR:
- [variable 1] must be an aa_variable_ir object"
"render_variable","empty_df","Invalid IR:
- [variable 1] must be an aa_variable_ir object"
"render_variable","wrong_columns","Invalid IR:
- [variable 1] must be an aa_variable_ir object"
"run_evals","null","could not locate the evals corpus (inst/evals/spec-to-ir.jsonl); install the package or run from within the package source tree"
"run_evals","list","'arg' must be NULL or a character vector"
"run_evals","empty_df","'arg' must be NULL or a character vector"
"run_evals","wrong_columns","'arg' must be NULL or a character vector"
"run_validation","null","data must be an analysis data.frame"
"run_validation","list","data must be an analysis data.frame"
"run_validation","empty_df","ACCEPTED"
"run_validation","wrong_columns","ACCEPTED"
"spec_variables","null","spec must be a data.frame with required columns"
"spec_variables","list","spec must be a data.frame with required columns"
"spec_variables","empty_df","spec data frame is missing required columns: dataset, variable, label, type, origin, derivation"
"spec_variables","wrong_columns","spec data frame is missing required columns: dataset, variable, label, type, origin, derivation"
"validate_ir","null","ACCEPTED"
"validate_ir","list","ACCEPTED"
"validate_ir","empty_df","ACCEPTED"
"validate_ir","wrong_columns","ACCEPTED"
"validation_comments","null","[variable 1] must be an aa_variable_ir object"
"validation_comments","list","[variable 1] must be an aa_variable_ir object"
"validation_comments","empty_df","[variable 1] must be an aa_variable_ir object"
"validation_comments","wrong_columns","[variable 1] must be an aa_variable_ir object"
"write_artifact","null","Invalid IR:
- ir must be a non-empty list of aa_variable_ir objects"
"write_artifact","list","Invalid IR:
- ir must be a non-empty list of aa_variable_ir objects"
"write_artifact","empty_df","Invalid IR:
- ir must be a non-empty list of aa_variable_ir objects"
"write_artifact","wrong_columns","Invalid IR:
- [variable 1] must be an aa_variable_ir object"
"write_program_artifact","null","Invalid IR:
- ir must be a non-empty list of aa_variable_ir objects"
"write_program_artifact","list","Invalid IR:
- ir must be a non-empty list of aa_variable_ir objects"
"write_program_artifact","empty_df","Invalid IR:
- ir must be a non-empty list of aa_variable_ir objects"
"write_program_artifact","wrong_columns","Invalid IR:
- [variable 1] must be an aa_variable_ir object"
