function,roxygen_params,file
artifact_hash,ir,admiralagent\R\artifacts.R
write_artifact,"ir,dir,backend_label,model,validation",admiralagent\R\artifacts.R
write_program_artifact,"ir,dir,backend_label,model",admiralagent\R\artifacts.R
log_run,"event,details,file",admiralagent\R\artifacts.R
read_artifact,path,admiralagent\R\artifacts.R
validation_comments,v,admiralagent\R\checks.R
run_validation,"data,ir,quiet",admiralagent\R\checks.R
build_context,vars,admiralagent\R\classify_llm.R
build_system_prompt,,admiralagent\R\classify_llm.R
classify_variables_llm,"vars,chat,max_attempts,batch_size,samples,consensus",admiralagent\R\classify_llm.R
classify_variables,"spec,dataset,backend,chat",admiralagent\R\classify_rules.R
render_step,"step,v,i",admiralagent\R\codegen.R
render_variable,v,admiralagent\R\codegen.R
render_program,"ir,backend_label,finalize",admiralagent\R\codegen.R
read_dataset_json,path,admiralagent\R\dataset_json.R
dataset_json_meta,path,admiralagent\R\dataset_json.R
parse_define,path,admiralagent\R\define.R
order_variables,"ir,known_columns",admiralagent\R\dependency.R
ir_dependency_report,"ir,known_columns",admiralagent\R\dependency.R
load_evals,path,admiralagent\R\evals.R
run_evals,"backend,chat,dataset",admiralagent\R\evals.R
evals_accuracy,res,admiralagent\R\evals.R
execute_ir,"ir,sources,variables,quiet",admiralagent\R\execute.R
new_step,"layer,args",admiralagent\R\ir.R
new_variable_ir,"dataset,variable,steps,spec_origin,confidence,needs_human,rationale",admiralagent\R\ir.R
is_valid_ir,ir,admiralagent\R\ir.R
validate_ir,ir,admiralagent\R\ir.R
aa_layers,,admiralagent\R\layers.R
layer_names,,admiralagent\R\layers.R
check_admiral_compat,"ir,installed",admiralagent\R\layers.R
mcp_tool_specs,,admiralagent\R\mcp.R
mcp_handle_request,req,admiralagent\R\mcp.R
mcp_serve,,admiralagent\R\mcp.R
codelist_from_data,"var,data",admiralagent\R\metacore_lite.R
mock_metacore,"spec_df,codelists",admiralagent\R\metacore_lite.R
read_spec_df,df,admiralagent\R\spec.R
spec_variables,"spec,dataset",admiralagent\R\spec.R
read_spec,"path,dataset,where_sep_sheet,verbose",admiralagent\R\spec.R
read_define,path,admiralagent\R\spec.R
mock_spec_adsl,,admiralagent\R\spec.R
mock_spec_advs,,admiralagent\R\spec.R
mock_spec_adtte,,admiralagent\R\spec.R
layer_docs,,admiralagent/R/layers.R
