"fn","missing","extra"
"aa_layers","",""
"artifact_hash","",""
"build_context","",""
"build_system_prompt","",""
"check_admiral_compat","",""
"classify_variables","",""
"classify_variables_llm","",""
"codelist_from_data","",""
"dataset_json_meta","",""
"evals_accuracy","",""
"execute_ir","",""
"ir_dependency_report","",""
"is_valid_ir","",""
"layer_docs","",""
"layer_names","",""
"load_evals","",""
"log_run","",""
"mcp_handle_request","",""
"mcp_serve","",""
"mcp_tool_specs","",""
"mock_metacore","",""
"mock_spec_adsl","",""
"mock_spec_adtte","",""
"mock_spec_advs","",""
"new_step","",""
"new_variable_ir","",""
"order_variables","",""
"parse_define","",""
"read_artifact","",""
"read_dataset_json","",""
"read_define","",""
"read_spec","",""
"read_spec_df","",""
"render_program","",""
"render_step","",""
"render_variable","",""
"run_evals","",""
"run_validation","",""
"spec_variables","",""
"validate_ir","",""
"validation_comments","",""
"write_artifact","",""
"write_program_artifact","",""
